blad,sectie,artikelnummer,product,bruto_eur,netto_eur,korting_pct
KAISAI Single split,KAISAI EVO,KEV-09SET,"2,6kW SET WIT",502.2,200.88,60.0
KAISAI Single split,KAISAI EVO,KEV-12SET,"3,4kW SET WIT",527.0,210.8,60.0
KAISAI Single split,KAISAI EVO,KEV-18SET,"5,1kW SET WIT",1047.8,419.12,60.0
KAISAI Single split,KAISAI EVO,KEV-24SET,"7,0kW SET WIT",1373.3,549.32,60.0
KAISAI Single split,KAISAI FLY*,KWX-09SET,"2,6kW SET WIT",589.0,235.6,60.0
KAISAI Single split,KAISAI FLY*,KWX-12SET,"3,5kW SET WIT",635.5,254.2,60.0
KAISAI Single split,KAISAI FLY*,KWX-18SET,"5,2kW SET WIT",1131.5,452.6,60.0
KAISAI Single split,KAISAI FLY*,KWX-24SET,"7,0kW SET WIT",1503.5,601.4,60.0
KAISAI Single split,KAISAI FLY+,KKWX-09SET,"2,7kW SET WIT",613.8,245.52,60.0
KAISAI Single split,KAISAI FLY+,KKWX-12SET,"3,6kW SET WIT",641.7,256.68,60.0
KAISAI Single split,KAISAI FLY+,KKWX-18SET,"5,3kW SET WIT",1202.8,481.12,60.0
KAISAI Single split,KAISAI FLY+,KKWX-24SET,"7,0kW SET WIT",1590.3,636.12,60.0
KAISAI Single split,KAISAI ICE WHITE,KLW-09SET,"2,6kW SET WIT",740.9,296.36,60.0
KAISAI Single split,KAISAI ICE WHITE,KLW-12SET,"3,5kW SET WIT",781.2,312.48,60.0
KAISAI Single split,KAISAI ICE WHITE,KLW-18SET,"5,2kW SET WIT",1205.9,482.36,60.0
KAISAI Single split,KAISAI ICE WHITE,KLW-24SET,"7,0kW SET WIT",1655.4,662.16,60.0
KAISAI Single split,KAISAI ICE BLACK,KLB-09SET,"2,6kW SET ZWART",771.9,308.76,60.0
KAISAI Single split,KAISAI ICE BLACK,KLB-12SET,"3,5kW SET ZWART",809.1,323.64,60.0
KAISAI Single split,KAISAI ICE BLACK,KLB-18SET,"5,2kW SET ZWART",1246.2,498.48,60.0
KAISAI Single split,KAISAI ICE BLACK,KLB-24SET,"7,0kW SET ZWART",1670.9,668.36,60.0
KAISAI Single split,KAISAI PRO-HEAT+ WHITE,KRW-09SET,"2,6kW SET WIT",744.0,297.6,60.0
KAISAI Single split,KAISAI PRO-HEAT+ WHITE,KRW-12SET,"3,5kW SET WIT",806.0,322.4,60.0
KAISAI Single split,KAISAI PRO-HEAT+ WHITE,KRW-18SET,"5,2kW SET WIT",1240.0,496.0,60.0
KAISAI Single split,KAISAI PRO-HEAT+ WHITE,KRW-24SET,"7,0kW SET WIT",1550.0,620.0,60.0
KAISAI Single split,KAISAI PRO-HEAT+ BLACK,KRB-09SET,"2,6kW SET ZWART",837.0,334.8,60.0
KAISAI Single split,KAISAI PRO-HEAT+ BLACK,KRB-12SET,"3,5kW SET ZWART",899.0,359.6,60.0
KAISAI Single split,KAISAI PRO-HEAT+ BLACK,KRB-18SET,"5,2kW SET ZWART",1395.0,558.0,60.0
KAISAI Single split,KAISAI PRO-HEAT+ BLACK,KRB-24SET,"7,0kW SET ZWART",1705.0,682.0,60.0
KAISAI Single split,KAISAI GEO*,KGE-09SET,"2,6kW SET",806.0,322.4,60.0
KAISAI Single split,KAISAI GEO*,KGE-12SET,"3,5kW SET",852.5,341.0,60.0
KAISAI Single split,KAISAI GEO*,KGE-18SET,"5,2kW SET",1271.0,508.4,60.0
KAISAI Single split,KAISAI GEO*,KGE-24SET,"7,0kW SET",1705.0,682.0,60.0
KAISAI Single split,KAISAI GEO+ WHITE,KKWR-09SET,"2,7kW SET WIT",682.0,272.8,60.0
KAISAI Single split,KAISAI GEO+ WHITE,KKWR-12SET,"3,5kW SET WIT",728.5,291.4,60.0
KAISAI Single split,KAISAI GEO+ WHITE,KKWR-18SET,"5,4kW SET WIT",1106.7,442.68,60.0
KAISAI Single split,KAISAI GEO+ WHITE,KKWR-24SET,"7,2kW SET WIT",1540.7,616.28,60.0
KAISAI Single split,KAISAI GEO+ GREY,KKWS-09SET,"2,7kW SET GREY",709.9,283.96,60.0
KAISAI Single split,KAISAI GEO+ GREY,KKWS-12SET,"3,5kW SET GREY",750.2,300.08,60.0
KAISAI Single split,KAISAI GEO+ GREY,KKWS-18SET,"5,4kW SET GREY",1112.9,445.16,60.0
KAISAI Single split,KAISAI GEO+ GREY,KKWR-24SET,"7,2kW SET GREY",1562.4,624.96,60.0
KAISAI Single split,KAISAI NORDIC*,KNP-12SET,"3,5kW SET WIT",1519.0,607.6,60.0
KAISAI Single split,KAISAI ART WHITE,KKWI-09SET,"2,7kW SET WIT",750.2,300.08,60.0
KAISAI Single split,KAISAI ART WHITE,KKWI-12SET,"3,5kW SET WIT",806.0,322.4,60.0
KAISAI Single split,KAISAI ART WHITE,KKWI-18SET,"5,4kW SET WIT",1351.6,540.64,60.0
KAISAI Single split,KAISAI ART WHITE,KKWI-24SET,"7,2kW SET WIT",1627.5,651.0,60.0
KAISAI Single split,KAISAI ART BLACK,KKWF-09SET,"2,7kW SET WIT",790.5,316.2,60.0
KAISAI Single split,KAISAI ART BLACK,KKWF-12SET,"3,5kW SET WIT",849.4,339.76,60.0
KAISAI Single split,KAISAI ART BLACK,KKWF-18SET,"5,4kW SET WIT",1407.4,562.96,60.0
KAISAI Single split,KAISAI ART BLACK,KKWF-24SET,"7,2kW SET WIT",1714.3,685.72,60.0
KAISAI Single split,KAISAI WAND & VLOER*,KFAU-12SET,"3,5kW SET WIT",1426.0,570.4,60.0
KAISAI Single split,KAISAI PLAFOND ONDERBOUW,KUE-18SET,"5,3kW",1658.5,663.4,60.0
KAISAI Single split,KAISAI PLAFOND ONDERBOUW,KUE-24SET,"7,0kW",2166.9,866.76,60.0
KAISAI Single split,KAISAI PLAFOND ONDERBOUW,KUE-36SET,"10,6kW",3220.9,1288.36,60.0
KAISAI Single split,KAISAI PLAFOND ONDERBOUW,KUE-36SET-380V,"10,6kW",3468.9,1387.56,60.0
KAISAI Single split,KAISAI PLAFOND ONDERBOUW,KUE-48SET,"14,1kW",4042.4,1616.96,60.0
KAISAI Single split,KAISAI PLAFOND ONDERBOUW,KUE-55SET,"15,8kW",4191.2,1676.48,60.0
KAISAI Single split,KAISAI SLIM DUCT*,KTI-18HWG32X+KOX330-18HFN32X,"5,3kW",1736.0,694.4,60.0
KAISAI Single split,KAISAI SLIM DUCT*,KTI-24HWG32X+KOX430-24HFN32X,"7,0kW",2272.0,908.8,60.0
KAISAI Single split,KAISAI SLIM DUCT*,KTI-36HWG32X+KOD30U-36HFJ32X,"10,6kW",2800.0,1120.0,60.0
KAISAI Single split,KAISAI SLIM DUCT*,KTI-48HWG32X+KOE30U-48HFN32X,"14,1kW",4030.0,1612.0,60.0
KAISAI Single split,KAISAI CASSETTE 60x60 KCA4U,KCA4U-12SET,"3,5kW",1540.7,616.28,60.0
KAISAI Single split,KAISAI CASSETTE 60x60 KCA4U,KCA4U-18SET,"5,3kW",1763.9,705.56,60.0
KAISAI Single split,KAISAI CASSETTE 90x90 KCD,KCD-24SET,"7,0kW",2259.9,903.96,60.0
KAISAI Single split,KAISAI CASSETTE 90x90 KCD,KCD-36SET,"10,6kW",3230.2,1292.08,60.0
KAISAI Single split,KAISAI CASSETTE 90x90 KCD,KCD-36SET380,"10,6kW",3478.2,1391.28,60.0
KAISAI Single split,KAISAI CASSETTE 90x90 KCD,KCD-48SET,"14,1kW",3933.9,1573.56,60.0
KAISAI Single split,KAISAI CASSETTE 90x90 KCD,KCD-55SET,"15,2kW",4259.4,1703.76,60.0
KAISAI Multisplit,MULTI-SPLIT OUTDOOR UNITS,K2OE-18HFN32H,"5,3kW    | 2iu | 18000btu",948.6,379.44,60.0
KAISAI Multisplit,MULTI-SPLIT OUTDOOR UNITS,K3OA-27HFN32H,"7,9kW    | 3iu | 27000btu",1426.0,570.4,60.0
KAISAI Multisplit,MULTI-SPLIT OUTDOOR UNITS,K4OE-28HFN32H,"8,2kW    | 4iu | 28000btu",2036.7,814.68,60.0
KAISAI Multisplit,MULTI-SPLIT OUTDOOR UNITS,K4OB-36HFN32H,"10,6kW | 4iu | 36000btu",2557.5,1023.0,60.0
KAISAI Multisplit,MULTI-SPLIT OUTDOOR UNITS,K5OE-42HFN32H,"12,3kW | 5iu | 42000btu",2808.6,1123.44,60.0
KAISAI Multisplit,KAISAI FLY,KWX-09KRHI,"2,6kW WIT binnenunit",248.0,99.2,60.0
KAISAI Multisplit,KAISAI FLY,KWX-12KRHI,"3,5kW WIT binnenunit",279.0,111.6,60.0
KAISAI Multisplit,KAISAI FLY,KWX-18KRHI,"5,2kW WIT binnenunit",403.0,161.2,60.0
KAISAI Multisplit,KAISAI FLY,KWX-24KRHI,"7,0kW WIT binnenunit",527.0,210.8,60.0
KAISAI Multisplit,KAISAI FLY+,KKWX-09RRA1,"2,7kW WIT",189.1,75.64,60.0
KAISAI Multisplit,KAISAI FLY+,KKWX-12RRA1,"3,6kW WIT",195.3,78.12,60.0
KAISAI Multisplit,KAISAI FLY+,KKWX-18RRA1,"5,3kW WIT",362.7,145.08,60.0
KAISAI Multisplit,KAISAI FLY+,KKWX-24RRA1,"7,0kW WIT",477.4,190.96,60.0
KAISAI Multisplit,KAISAI ICE WHITE,KLW-09HRHI,"2,6kW WIT binnenunit",223.2,89.28,60.0
KAISAI Multisplit,KAISAI ICE WHITE,KLW-12HRHI,"3,5kW WIT binnenunit",235.6,94.24,60.0
KAISAI Multisplit,KAISAI ICE WHITE,KLW-18HRHI,"5,2kW WIT binnenunit",362.7,145.08,60.0
KAISAI Multisplit,KAISAI ICE WHITE,KLW-24HRHI,"7,0kW WIT binnenunit",499.1,199.64,60.0
KAISAI Multisplit,KAISAI ICE BLACK,KLB-09KRHI,"2,6kW ZWART binnenunit",272.8,109.12,60.0
KAISAI Multisplit,KAISAI ICE BLACK,KLB-12KRHI,"3,5kW ZWART binnenunit",288.3,115.32,60.0
KAISAI Multisplit,KAISAI ICE BLACK,KLB-18KRHI,"5,2kW ZWART binnenunit",440.2,176.08,60.0
KAISAI Multisplit,KAISAI ICE BLACK,KLB-24KRHI,"7,0kW ZWART binnenunit",589.0,235.6,60.0
KAISAI Multisplit,KAISAI GEO,KGE-09GRHI,"2,6kW binnenunit",356.5,142.6,60.0
KAISAI Multisplit,KAISAI GEO,KGE-12GRHI,"3,5kW binnenunit",387.5,155.0,60.0
KAISAI Multisplit,KAISAI GEO,KGE-18GRHI,"5,2kW binnenunit",504.0,201.6,60.0
KAISAI Multisplit,KAISAI GEO,KGE-24GRHI,"7,0kW binnenunit",682.0,272.8,60.0
KAISAI Multisplit,KAISAI WAND & VLOER,KFAU-12HRG32X,"3,5kW binnenunit",573.5,229.4,60.0
KAISAI Multisplit,KAISAI CASSETTE 60x60 KCA4U,KCA4U-12HRG32X,"3,5kW binnenunit",688.2,275.28,60.0
KAISAI Multisplit,KAISAI CASSETTE 60x60 KCA4U,KCA4U-18HRG32X,"5,3kW binnenunit",756.4,302.56,60.0
KAISAI Multisplit,KAISAI SLIM DUCT,KTI-18HWG32X,"5,3kW binnenunit",775.0,310.0,60.0
KAISAI Warmtepompen,Monoblock 6-10kW,KHOA-06PMA1,"6,2kW",7452.4,2980.96,60.0
KAISAI Warmtepompen,Monoblock 6-10kW,KHOA-08PMA1,"8,4kW",8311.1,3324.44,60.0
KAISAI Warmtepompen,Monoblock 6-10kW,KHOA-10PMA1,"10,0kW",8404.1,3361.64,60.0
KAISAI Warmtepompen,Monoblock 8-10kW,KHON-08PMA1,"8,0kW",11008.1,4403.24,60.0
KAISAI Warmtepompen,Monoblock 8-10kW,KHON-10PMA1,"9,5kW",11122.8,4449.12,60.0
KAISAI Warmtepompen,Monoblock 12kW*,KHY-12PY3,"11,6kW",4960.0,1984.0,60.0
KAISAI Warmtepompen,Monoblock 22-30kW,KHC-22RX3,22kW,9718.5,3887.4,60.0
KAISAI Warmtepompen,Monoblock 22-30kW,KHC-30RX3,30kW,11913.3,4765.32,60.0
KAISAI Warmtepompen,Artic Power 65-140kW,KCHP-SU65-RN8L,65kW,34100.0,13640.0,60.0
KAISAI Warmtepompen,Artic Power 65-140kW,KCHP-SU75-RN8L,75kW,37510.0,15004.0,60.0
KAISAI Warmtepompen,Artic Power 65-140kW,KCHP-SU110-RN8L,110kW,51150.0,20460.0,60.0
KAISAI Warmtepompen,Artic Power 65-140kW,KCHP-SU140-RN8L,140kW,57970.0,23188.0,60.0
KAISAI Warmtepompen,Hydraulic module,KHSH090NPA3,for KHY-12PY3,2325.0,930.0,60.0
KAISAI Warmtepompen,DHW heating tank,KTFD280XNA1,Tank,2340.0,936.0,60.0
KAISAI Warmtepompen,KAISAI X LITE,KXL-01,Controller,540.0,216.0,60.0
